,byr,cid,ecl,eyr,hcl,hgt,iyr,pid
0,2029,N/A,utc,2033,#efcc98,177cm,2023,173cm
1,1952,249,grn,2026,#866857,155cm,2017,337605855
2,N/A,242,blu,2029,#888785,N/A,2011,953198122
3,2011,341,amb,2030,#341e13,173cm,2012,112086592
4,1969,N/A,brn,2023,#623a2f,163cm,2019,790332032
5,1920,146,hzl,2023,#b6652a,171cm,2017,890112986
6,1967,199,gry,2021,#c0946f,157cm,2012,987409259
7,1959,N/A,blu,2023,#733820,186cm,2016,316587303
8,1996,N/A,gry,2024,#fffffd,152cm,N/A,N/A
9,1967,N/A,brn,2028,#172f67,185cm,2014,648491325
10,1959,N/A,#35fad5,N/A,#fffffd,178,2017,328737320
11,1943,N/A,N/A,2028,#888785,178cm,2010,572750267
12,1998,175,brn,2026,#5d69b9,151cm,2017,289515215
13,N/A,N/A,blu,2028,#a97842,182cm,2011,758494126
14,N/A,299,utc,2026,cafc2f,174cm,2023,57963956
15,1975,294,blu,2027,#341e13,188cm,2015,853993893
16,1962,N/A,amb,2024,c5f0c3,70,2018,241872490
17,1966,137,blu,2029,#733820,N/A,2017,994754974
18,1949,84,utc,2025,d3f4f5,190,2027,937481632
19,1986,129,brn,1932,#888785,91,2020,298540404
20,2023,N/A,amb,2020,#efcc98,93,2011,416051368
21,2010,N/A,#f84ccd,2040,N/A,181cm,2020,785862801
22,1920,N/A,hzl,2023,#fffffd,152cm,2013,932020343
23,1993,N/A,gry,2021,#18171d,152cm,2020,120354938
24,1996,177,oth,2025,#623a2f,164cm,2018,904738945
25,2026,175,brn,2026,#623a2f,193,2018,45042993
26,1956,186,hzl,2021,#efcc98,164cm,2020,892810672
27,2027,314,amb,2020,#602927,180cm,1958,#b2b732
28,1995,50,gry,2029,#a97842,155cm,2014,667716485
29,2014,N/A,grt,2030,z,74,2003,783631610
30,N/A,N/A,#d4d852,2034,z,185in,2029,#526166
31,1941,N/A,oth,1957,18a37c,59cm,1946,632690435
32,1965,95,oth,2026,#623a2f,N/A,2013,002380966
33,1928,98,gry,2020,#18171d,163cm,2019,479214778
34,1956,225,hzl,2024,#bd0f54,153cm,2020,048565668
35,1967,118,#5d8b3b,2029,e23f0f,156cm,N/A,#3df0cc
36,1946,224,gry,2028,#cfa07d,181cm,2019,437721309
37,1962,N/A,blu,2023,#efcc98,182cm,2014,733248003
38,1966,N/A,N/A,2029,#602927,158cm,2013,963663665
39,1940,113,oth,2020,#c0946f,191cm,2015,529595074
40,1978,N/A,hzl,2025,#a97842,157cm,2015,579525362
41,1953,76,oth,2021,#18171d,173cm,2011,976483712
42,1947,242,brn,2030,#fffffd,69in,2010,588299934
43,1939,93,gry,2029,#fffffd,N/A,2016,731904973
44,2029,N/A,gmt,2032,02edc5,192,1938,96716037
45,1958,N/A,gry,2029,z,59cm,2011,526931024
46,1966,142,hzl,2026,#c0946f,184cm,2017,378066668
47,1950,N/A,grn,N/A,#ceb3a1,154in,2019,1134356373
48,1976,N/A,zzz,N/A,#341e13,157cm,2013,5047305958
49,1999,214,brn,2024,#a97842,179cm,2017,543943316
50,1983,N/A,hzl,2024,#ceb3a1,177cm,2013,328883228
51,1962,226,grn,2025,#efcc98,60in,2010,262286178
52,2003,156,#559ffe,N/A,z,178,2029,93994500
53,1921,N/A,amb,2021,#eda7f3,N/A,2026,153cm
54,1988,N/A,amb,2027,#2aea45,178cm,2015,70722502
55,1948,325,N/A,2020,#733820,182cm,2019,555636800
56,2028,169,dne,1973,z,170in,2024,43596015
57,1947,264,gry,2024,#b6652a,178cm,2027,23042405
58,1989,272,blu,2023,#733820,192cm,2018,266274644
59,2014,N/A,#1627a7,N/A,z,73cm,2013,192cm
60,1993,N/A,N/A,2029,#733820,178cm,N/A,816749378
61,1944,N/A,dne,2024,0cacc5,163in,2028,74169361
62,1986,325,grn,2027,#ceb3a1,176cm,N/A,481186415
63,1969,N/A,brn,2028,#888785,174cm,2015,064161451
64,1993,323,brn,2023,z,167,1953,161542750
65,1954,254,#895336,2033,z,67cm,1967,N/A
66,1997,110,#9dbea3,2035,#fd8515,183,2018,747501524
67,2007,334,utc,2026,#cfa07d,183in,2014,N/A
68,1939,N/A,gry,2024,#b6652a,170cm,N/A,250420128
69,1925,N/A,hzl,2030,#18171d,174cm,2014,204206116
70,1957,N/A,oth,2021,#efcc98,152cm,2020,393444692
71,1973,N/A,grn,2024,#602927,166cm,2014,832320186
72,1942,N/A,oth,2030,#18171d,182cm,2013,192524664
73,2016,130,#915282,2030,6734a1,129,1949,677408864
74,1960,262,gry,2028,#733820,171cm,2020,688526729
75,1920,N/A,grn,N/A,#bf1e29,163cm,2019,775867641
76,1931,312,hzl,2029,#866857,177cm,2024,170cm
77,1980,272,#19fef5,2008,e14dfe,72,2019,2080468234
78,2025,163,amb,2023,026d4d,161cm,2020,758946748
79,2010,109,hzl,2032,#fffffd,142,2021,874586711
80,2013,N/A,#b42611,2023,z,60cm,2019,164cm
81,1935,226,blu,2029,#602927,180cm,2016,700452129
82,1987,309,gry,2029,#6b5442,179cm,2010,181cm
83,1986,N/A,gry,2021,#cce4b8,65cm,2010,101583943
84,2013,168,#66dc1c,2036,413944,59cm,2012,#8556c9
85,2017,189,blu,1984,z,152cm,2021,#cbc84e
86,1993,N/A,brn,2026,#004c11,188cm,2010,889959941
87,2008,N/A,oth,2030,#a8ebbb,172,1959,N/A
88,1974,89,grn,2029,#8f97b1,182cm,2013,N/A
89,1951,105,hzl,2025,#6b5442,181cm,2011,222418968
90,1990,N/A,brn,2037,#ceb3a1,190cm,2017,481721303
91,1923,260,gry,2031,z,180cm,2022,85905429
92,2010,N/A,grn,2028,#fffffd,76cm,1961,39254112
93,1943,N/A,brn,2027,#efcc98,60in,2016,753268957
94,1974,171,oth,2020,#c63f21,190cm,N/A,087762106
95,1962,239,#8c1b6c,2026,#b6652a,172in,2007,106672731
96,1950,219,N/A,2021,#a97842,170cm,2018,040224991
97,2029,309,#1ab23b,2036,#fffffd,167cm,2016,N/A
98,1971,N/A,gry,2020,#18171d,163cm,2013,947828194
99,1925,N/A,hzl,2029,#fffffd,168cm,2011,150105713
100,1936,253,hzl,2025,#341e13,184cm,2013,651786830
101,1963,N/A,gry,2026,#623a2f,175cm,2012,7328393469
102,N/A,N/A,gry,2029,#cfa07d,161cm,2018,669044398
103,1941,87,grn,2027,#733820,171cm,2018,920006222
104,1964,N/A,gry,2024,#a97842,157cm,2013,756972774
105,1959,279,brn,2022,#602927,189cm,2010,937686753
106,N/A,223,amb,2027,#6e6f47,165cm,2013,145547438
107,2009,N/A,oth,2034,#623a2f,166cm,2012,120339592
108,2018,N/A,hzl,2026,z,158cm,2012,7809314464
109,2003,291,#7734de,1956,5b4ef1,168,2021,3381158334
110,1971,155,oth,2023,#cfa07d,170cm,2015,560419063
111,1951,287,brn,2021,#6b5442,189cm,2014,936881112
112,1920,210,hzl,2020,#6b5442,150cm,2013,032458640
113,1932,232,grn,2027,#cfa07d,180cm,2014,140859202
114,1988,N/A,hzl,2013,e18469,181cm,1951,68300657
115,N/A,N/A,gry,2027,#065fe8,185cm,2014,157572693
116,1993,270,grn,2029,z,164cm,2019,338068138
117,1990,131,grn,2025,#7d3b0c,154cm,2016,066023454
118,1920,N/A,N/A,2024,#cfa07d,174cm,2019,855792798
119,1920,N/A,amb,2020,3f6214,74in,2013,957164804
120,1922,305,hzl,2023,#220540,172cm,2019,756767000
121,1928,N/A,blu,2025,#888785,193in,2017,117240526
122,1942,347,blu,2023,#fffffd,154cm,2017,836554235
123,1962,289,brn,2023,#efcc98,59in,2015,364475403
124,2021,N/A,gmt,2032,ca4bcf,88,2017,181cm
125,1937,N/A,brn,2022,#866857,154cm,2014,234591437
126,1982,139,brn,1966,#c0946f,159in,2002,#62721b
127,2026,N/A,oth,2036,z,96,N/A,137651094
128,2011,N/A,gry,N/A,#733820,65cm,2030,373485985
129,1932,N/A,gry,2029,#ceb3a1,164cm,2015,390979357
130,1997,N/A,hzl,2023,#733820,68in,2016,829734763
131,1926,N/A,brn,2029,#623a2f,150cm,2019,521908229
132,1974,58,grn,2023,#866857,164cm,2018,310883188
133,1963,N/A,oth,2021,#fffffd,162cm,2019,104734523
134,1988,150,oth,2020,#888785,179cm,2018,635972018
135,1929,N/A,hzl,2027,#7d3b0c,183cm,2014,717760687
136,2000,N/A,oth,2025,#602927,162cm,2019,506581828
137,2022,57,#618bce,1995,#ceb3a1,182cm,1944,#fd3377
138,2022,222,#5126d5,2040,4798e7,192cm,1954,4790730010
139,1998,181,brn,2022,#b6652a,189cm,2011,983890186
140,1994,58,hzl,2022,#2c9ee8,169cm,2018,036522894
141,2016,265,lzr,1962,e09b9c,121,1979,#fb14be
142,1953,N/A,amb,2024,#efcc98,63in,2018,881102827
143,1957,N/A,oth,2028,#efcc98,177cm,2011,113579849
144,2030,N/A,#fe1b74,2032,556dca,70cm,1926,70807766
145,1997,N/A,blu,2021,#6b5442,105,2025,178655906
146,1924,59,grt,2030,#ceb3a1,161cm,2016,318930966
147,1936,200,oth,2020,#c0946f,67in,2013,229395752
148,1990,99,blu,2021,#6b5442,155,2018,350832537
149,2025,118,amb,2039,z,N/A,2013,247367429
150,1977,274,utc,2027,z,175in,2016,478855994
151,1969,N/A,grn,2020,#64a8b8,68in,2018,636743032
152,1980,N/A,gry,2024,#b6652a,173cm,2013,515635081
153,2026,N/A,utc,1937,z,66cm,1999,2247643960
154,1942,323,oth,2020,#18171d,154cm,2013,302753381
155,2027,N/A,xry,2020,z,154cm,1999,346719476
156,1998,N/A,blu,2025,#fffffd,160cm,2014,678119271
157,1921,N/A,blu,2021,#623a2f,161cm,2011,236833613
158,1995,N/A,hzl,2021,#18171d,151cm,2019,541887993
159,1966,N/A,gry,2025,#b6652a,176cm,2018,496474711
160,1941,N/A,N/A,2024,#efcc98,150cm,2010,351846405
161,1982,N/A,gry,2022,#a97842,151cm,2013,586789406
162,1994,183,gry,2028,#888785,165cm,2010,N/A
163,1933,N/A,blu,2027,#733820,167cm,2015,914665208
164,2024,N/A,amb,2031,6804ef,157cm,1938,#0418fb
165,1936,91,oth,2025,#888785,190cm,2020,711544430
166,1956,N/A,brn,2027,#efcc98,63in,N/A,381452527
167,1985,254,oth,2023,#ceb3a1,172cm,2014,544612871
168,1948,N/A,blu,2028,#efcc98,191cm,2017,953894279
169,1968,141,N/A,N/A,#efcc98,176cm,2017,875469219
170,1949,252,hzl,2022,#733820,150cm,2013,870733357
171,1986,N/A,gry,2030,#602927,152cm,2013,632246684
172,1969,N/A,gry,2029,#cfa07d,184cm,2016,595125675
173,1947,188,#c1376b,2038,z,166cm,2011,177cm
174,1971,307,hzl,2022,#b6652a,170cm,N/A,047040501
175,2019,N/A,zzz,2035,23df48,126,1932,170207910
176,2022,270,#408f6e,2036,0b1ba6,152cm,1952,5808880830
177,1938,N/A,oth,2021,#a97842,179cm,2030,140937061
178,2008,N/A,#5b4f31,2028,z,67cm,2019,816355657
179,1983,192,grn,2020,#6b5442,187cm,2018,873720366
180,1955,324,N/A,2027,#6b5442,71in,2018,320019385
181,2026,261,N/A,2006,#602927,N/A,2011,957860464
182,1989,143,gry,2027,#7d3b0c,192cm,2017,258434299
183,N/A,183,#a61090,2035,717dd0,139,2028,#1742ae
184,1923,155,oth,2028,#888785,167cm,2013,039325804
185,1956,197,hzl,2023,#d683bf,70in,2010,143320690
186,2007,278,#4004e3,2036,8447eb,74cm,1950,745107377
187,1958,N/A,gry,2027,#ceb3a1,177cm,2010,640032134
188,2028,144,#1c7d96,1987,9fc25d,187cm,1921,#28e5a1
189,1996,289,gry,2030,#fffffd,177cm,2012,687240168
190,1927,206,dne,2031,8c2149,187in,2012,860410143
191,1963,139,N/A,2030,#602927,172cm,2010,160019759
192,1939,71,hzl,2030,#b216fb,161cm,2014,309851270
193,1942,138,gry,2024,#fffffd,177cm,2014,900269082
194,1944,N/A,brn,2024,#18171d,158cm,2019,941939350
195,2023,101,brn,2016,N/A,188in,N/A,190078757
196,1970,188,blu,2028,#fffffd,164cm,2015,075499609
197,2011,N/A,gry,1968,z,64cm,2017,408316491
198,1928,N/A,oth,N/A,#6b5442,163cm,N/A,623099801
199,1935,N/A,grn,N/A,#c0946f,185cm,2012,165230004
200,1960,326,grn,2021,#cfa07d,162cm,2013,069876432
201,2007,N/A,#f3d8ba,2020,z,182cm,2014,6141297559
202,1989,N/A,N/A,2030,#efcc98,181cm,N/A,867747198
203,2000,111,grn,2021,#fffffd,166cm,2019,546346187
204,1958,75,#76b538,2034,#623a2f,59,N/A,60553207
205,1998,N/A,gry,2023,#623a2f,181cm,2012,251940892
206,1938,83,amb,2024,#341e13,181cm,2020,046668488
207,2029,N/A,grn,2036,z,177in,1951,135470038
208,1961,81,#1f9801,2023,#a97842,152cm,2015,710065884
209,2014,255,#f3fb41,2025,z,155cm,1998,25253929
210,1995,N/A,gry,2021,#efcc98,N/A,2019,919070381
211,1942,N/A,brn,2029,#18171d,191cm,2018,649719423
212,1963,N/A,gry,2022,N/A,188cm,2016,024539026
213,1939,N/A,hzl,1923,#b6652a,176cm,2011,176188310
214,1920,N/A,gry,2030,#888785,N/A,2011,N/A
215,2030,N/A,utc,2036,851fe0,60cm,1995,#0468a7
216,1957,229,oth,2022,#866857,169cm,2016,414233531
217,2024,185,#5f6f53,1988,z,158in,2023,#20f317
218,1993,222,blu,2027,#c0946f,177cm,2010,015894427
219,1974,101,grn,2029,#c0946f,162cm,2019,666662343
220,1935,230,#b0805f,2023,z,159cm,2013,782547454
221,N/A,N/A,oth,2020,231e1b,166cm,2026,298008321
222,N/A,238,grn,2025,#6b5442,174cm,2010,230201309
223,1985,287,oth,2026,#733820,185cm,2010,201750712
224,1987,N/A,grn,2029,#a97842,70in,2016,419407059
225,1951,N/A,amb,2027,#8a9477,191cm,2015,769071985
226,1995,336,blu,2022,#6b5442,161cm,2012,391608810
227,1938,N/A,xry,2027,306963,173cm,2020,927067439
228,1991,N/A,utc,2026,68b4f3,175cm,2021,037777327
229,1990,137,amb,2025,#da6977,64in,2013,918997697
230,1976,N/A,gry,2023,#733820,173cm,2011,802831612
231,1938,234,hzl,2021,#866857,176cm,N/A,575395401
232,2019,N/A,hzl,2035,#ceb3a1,N/A,2014,N/A
233,1967,N/A,hzl,2030,#efcc98,193cm,2011,961361236
234,1931,N/A,blu,1936,98d3f0,153cm,1962,7296832671
235,1966,N/A,grn,2024,#6b5442,165cm,2016,265815316
236,1999,124,blu,2029,N/A,N/A,2010,203025149
237,1924,N/A,oth,2028,#7d3b0c,82,2011,#7e0612
238,1941,N/A,hzl,2020,#b6652a,166cm,1976,409573276
239,1961,N/A,grn,2030,#426e1a,163cm,2011,121609314
240,2012,N/A,brn,2029,#6b5442,62cm,1931,#49ea2c
241,2020,N/A,#6d4ea1,2038,8d1f49,71cm,N/A,0853660207
242,1966,N/A,hzl,2028,#c0946f,170cm,2011,609548717
243,1921,N/A,blu,2024,#c0946f,N/A,2019,643387204
244,1961,324,amb,2027,#18171d,162cm,2010,939720354
245,1933,329,amb,2025,#fffffd,171cm,2017,353343882
246,2004,N/A,#eafe47,2035,z,129,2022,157cm
247,1925,55,#b11d27,2036,#888785,177in,2025,493884348
248,1953,335,hzl,2029,#fffffd,171cm,2012,479669573
249,1930,134,lzr,N/A,5bdf31,164cm,2023,#b21f8a
250,1992,N/A,grn,2026,#6b5442,155cm,2018,541667478
251,2029,270,dne,2028,2a1c4f,192cm,2011,7995627426
252,1929,N/A,oth,2020,#7d3b0c,68in,2016,954905104
253,2000,167,amb,2024,#ff4019,186cm,2013,384287209
254,1972,290,grn,2022,N/A,170cm,2018,127269636
255,1997,N/A,amb,2020,#fffffd,150cm,2020,056368047
256,2020,131,gry,2038,#623a2f,167in,2027,651833067
257,1941,N/A,hzl,2025,#56c370,184cm,2014,654258425
258,2021,106,#1162c5,1921,z,184in,1978,571765355
259,1988,237,blu,2025,#18171d,155cm,2015,348578306
260,1963,145,oth,2030,#733820,164cm,2018,964094037
261,1924,N/A,amb,2024,#866857,186cm,2014,595618708
262,1983,N/A,hzl,N/A,#ceb3a1,176cm,2016,484466493
263,1974,N/A,gry,2029,#6b5442,185cm,2020,045583320
264,2011,149,brn,2031,352cf1,184cm,2028,21942403
265,1995,68,brn,2029,#c0946f,176cm,2014,083295950
266,1945,N/A,gry,2020,#623a2f,170cm,2013,912213595
267,1950,N/A,gry,2023,#18171d,185cm,2015,N/A
268,1997,239,hzl,2029,#623a2f,68in,2012,368643584
269,2027,99,brn,2020,2c10a6,74cm,2003,N/A
270,2005,N/A,xry,2031,46a5fd,176cm,2014,151cm
271,2011,N/A,oth,2039,839b47,150in,2022,821123244
272,1954,N/A,amb,2021,#623a2f,152cm,2013,604669618
273,1993,177,gry,2027,#b6652a,182cm,2011,441649857
274,2022,296,grt,1935,#a97842,98,2028,69736889
275,1941,N/A,gry,2022,#cfa07d,182cm,2016,720595987
276,1973,108,blu,2020,#650d28,164cm,2018,#b0df80
277,1999,N/A,#49f691,2026,z,179cm,2013,315901778
278,1925,N/A,gry,2028,#cfa07d,189cm,2012,555786686
279,1993,60,gry,2027,#cfa07d,168cm,2016,322944081
280,2016,N/A,#6c59eb,1970,03db25,189cm,1997,163cm
281,2010,N/A,grt,2022,z,168cm,2017,766719295
282,1989,109,gry,2022,N/A,173cm,2012,247156751
283,1956,288,lzr,2034,77241f,157cm,2016,587115461
284,2025,224,#cc4aff,2039,5307c9,72cm,2025,#d80d30
285,2015,N/A,N/A,2027,98fb9d,184,2029,58151347
286,2019,187,xry,2021,#18171d,183cm,2013,164cm
